idCadastrar_Capacidade,Codigo_do_Produto,Descricao,Producao_Dia,Setor,Producao_Hora,Vigencia,Status
38,500,Multiuso com 500 Folhas ,140,CORTE DE A4,16,27/04/2019,Inativo
39,501,Sulfite com 500 Folhas ,157,5,CORTE DE A4,18,27/04/2019,Inativo
40,502,Microserrilhado com 500 Folhas ,90,125,CORTE DE A4,10,3,27/04/2019,Inativo
41,450,Reciclado com 450 Folhas ,87,5,CORTE DE A4,10,27/04/2019,Inativo
42,100,Realzinho com 100 Folhas ,140,CORTE DE A4,16,27/04/2019,Inativo
43,5710,Bobina de 57mm por 10 metros ,35,CORTE DE BOBINAS,4,27/04/2019,Inativo
44,5716,Bobina de 57mm por 16 metros ,43,75,CORTE DE BOBINAS,5,27/04/2019,Inativo
45,5720,Bobina de 57mm por 20 metros ,43,75,CORTE DE BOBINAS,5,27/04/2019,Inativo
46,5730,Bobina de 57mm por 30 metros ,52,5,CORTE DE BOBINAS,6,27/04/2019,Inativo
47,5740,Bobina de 57mm por 40 metros ,61,25,CORTE DE BOBINAS,7,27/04/2019,Inativo
48,5750,Bobina de 57mm por 50 metros ,63,CORTE DE BOBINAS,7,2,27/04/2019,Inativo
49,5780,Bobina de 57mm por 80 metros ,82,25,CORTE DE BOBINAS,9,4,27/04/2019,Inativo
50,57100,Bobina de 57mm por 100 metros ,83,125,CORTE DE BOBINAS,9,5,27/04/2019,Inativo
51,57150,Bobina de 57mm por 150 metros ,101,5,CORTE DE BOBINAS,11,6,27/04/2019,Inativo
52,57200,Bobina de 57mm por 200 metros ,113,75,CORTE DE BOBINAS,13,27/04/2019,Inativo
53,57270,Bobina de 57mm por 270 metros ,118,125,CORTE DE BOBINAS,13,5,27/04/2019,Inativo
54,57300,Bobina de 57mm por 300 metros ,131,25,CORTE DE BOBINAS,15,27/04/2019,Inativo
55,57360,Bobina de 57mm por 360 metros ,131,25,CORTE DE BOBINAS,15,27/04/2019,Inativo
56,11040,Bobina de 110mm por 40 metros ,52,5,CORTE DE BOBINAS,6,27/04/2019,Inativo
57,8020,Bobina de 80mm por 20 metros ,43,75,CORTE DE BOBINAS,5,27/04/2019,Inativo
58,8030,Bobina de 80mm por 30 metros ,52,5,CORTE DE BOBINAS,6,27/04/2019,Inativo
59,8040,Bobina de 80mm por 40 metros ,78,75,CORTE DE BOBINAS,9,27/04/2019,Inativo
60,8080,Bobina de 80mm por 80 metros ,87,5,CORTE DE BOBINAS,10,27/04/2019,Inativo
61,80110,Bobina de 80mm por 110 metros ,87,5,CORTE DE BOBINAS,10,27/04/2019,Inativo
62,80360,Bobina de 80mm por 360 metros ,130,025,CORTE DE BOBINAS,14,86,27/04/2019,Inativo
63,7630,Bobina de 76mm por 30 metros ,52,5,CORTE DE BOBINAS,6,27/04/2019,Inativo
64,1,Impressão de 01 Cor ,34300,IMPRESSÃO,3920,27/04/2019,Inativo
65,2,Impressão de 02 Cores,16975,IMPRESSÃO,1940,27/04/2019,Inativo
66,3,Impressão de 03 Cores ,8400,IMPRESSÃO,960,27/04/2019,Inativo
67,7640,Bobina de 76mm por 30 metros ,77,CORTE DE BOBINAS,8,8,27/04/2019,Inativo
68,999,Lançado em Descartes Automatico,0,IMPRESSÃO,0,27/04/2019,Ativo
69,998,Lançado em Descartes Automatico,0,CORTE DE BOBINAS,0,27/04/2019,Ativo
70,997,Lançado em Descartes Automatico,0,CORTE DE A4,0,27/04/2019,Inativo
71,993,Lançado como dia Util,0,IMPRESSÃO,0,,
72,992,Lançado como dia Util,0,CORTE DE BOBINAS,0,,
73,991,Lançado como dia Util,0,CORTE DE A4,0,27/04/2019,Inativo
74,501,Sulfite com 500 Folhas ,140,096,CORTE DE A4,15,92,01/08/2020,Inativo
75,5716,Bobina de 57mm por 16 metros ,40,0048,CORTE DE BOBINAS,4,546,01/08/2020,Inativo
76,5720,Bobina de 57mm por 20 metros ,47,08,CORTE DE BOBINAS,5,35,01/08/2020,Inativo
77,5730,Bobina de 57mm por 30 metros ,55,088,CORTE DE BOBINAS,6,26,01/08/2020,Inativo
78,5740,Bobina de 57mm por 40 metros ,65,384,CORTE DE BOBINAS,7,43,01/08/2020,Inativo
79,5750,Bobina de 57mm por 50 metros ,75,68,CORTE DE BOBINAS,8,6,01/08/2020,Inativo
80,5780,Bobina de 57mm por 80 metros ,83,072,CORTE DE BOBINAS,9,44,01/08/2020,Inativo
81,5720,Bobina de 57mm por 20 metros ,74,8,CORTE DE BOBINAS,8,5,08/08/2020,Inativo
82,5730,CALCULADORA,75,152,CORTE DE BOBINAS,8,54,08/08/2020,Inativo
83,5740,Bobina de 57mm por 40 metros ,76,56,CORTE DE BOBINAS,8,7,08/08/2020,Inativo
84,5750,Bobina de 57mm por 50 metros ,79,2,CORTE DE BOBINAS,9,08/08/2020,Inativo
85,8030,Bobina de 80mm por 30 metros ,77,CORTE DE BOBINAS,8,75,08/08/2020,Inativo
86,8040,Bobina de 80mm por 40 metros ,80,08,CORTE DE BOBINAS,9,1,08/08/2020,Inativo
87,504,PAPEL A4 ITABEL ,140,096,CORTE DE A4,15,92,01/08/2020,Inativo
88,505,PAPEL A4 TOP,140,096,CORTE DE A4,15,92,01/08/2020,Inativo
89,505,PAPEL A4 TOP,140,096,CORTE DE A4,15,92,01/08/2020,Inativo
90,507,CAIXAS DE 2º LINHA,140,096,CORTE DE A4,15,92,01/08/2020,Inativo
91,100,Realzinho com 100 Folhas ,88,CORTE DE A4,10,01/08/2020,Inativo
92,76360,Bobina de 76mm por 360 metros ,123,2,CORTE DE BOBINAS,14,08/08/2020,Inativo
93,57250,Bobina de 57mm por 250 metros ,114,4,CORTE DE BOBINAS,13,01/10/2020,Inativo
95,5731,BOBINA OFFSET 57MM X 30M - CAIXA C/ 30 UN.,55,CORTE DE BOBINAS,6,25,01/10/2020,Inativo
96,224,5710 AMARELO,40,0048,CORTE DE BOBINAS,4,546,01/11/2020,Inativo
97,226,5716 AMARELO,40,0048,CORTE DE BOBINAS,4,546,01/11/2020,Inativo
98,227,5720 AMARELO,74,8,CORTE DE BOBINAS,8,5,01/11/2020,Inativo
99,228,5730 AMARELO,75,152,CORTE DE BOBINAS,8,54,01/11/2020,Inativo
100,229,5740 AMARELO,76,56,CORTE DE BOBINAS,8,7,01/11/2020,Inativo
101,230,5750 AMARELO,79,2,CORTE DE BOBINAS,9,01/11/2020,Inativo
102,231,5780 AMARELO,83,072,CORTE DE BOBINAS,9,44,01/11/2020,Inativo
103,232,57100 AMARELO,83,6,CORTE DE BOBINAS,9,5,01/11/2020,Inativo
104,233,57150 AMARELO,102,08,CORTE DE BOBINAS,11,6,01/11/2020,Inativo
105,234,57200 AMARELO,114,4,CORTE DE BOBINAS,13,01/11/2020,Inativo
106,235,57270 AMARELO,118,8,CORTE DE BOBINAS,13,5,01/11/2020,Inativo
107,236, 57300 AMARELO,132,CORTE DE BOBINAS,15,01/11/2020,Inativo
108,237,57360 AMARELO,132,CORTE DE BOBINAS,15,01/11/2020,Inativo
109,238,7620 AMARELO,44,CORTE DE BOBINAS,5,01/11/2020,Inativo
110,239,7630 AMARELO,77,CORTE DE BOBINAS,8,75,01/11/2020,Inativo
111,240,7640 AMARELO,88,CORTE DE BOBINAS,10,01/11/2020,Inativo
112,241,7680 AMARELO,88,CORTE DE BOBINAS,10,01/11/2020,Inativo
113,242,76110 AMARELO,96,8,CORTE DE BOBINAS,11,01/11/2020,Inativo
114,243,76360 AMARELO,132,CORTE DE BOBINAS,15,01/11/2020,Inativo
115,244,7620 BEGE,44,CORTE DE BOBINAS,5,01/11/2020,Inativo
116,245,7630 BEGE,77,CORTE DE BOBINAS,8,75,01/11/2020,Inativo
117,246,7640 BEGE,88,CORTE DE BOBINAS,10,01/11/2020,Inativo
118,247,7680 BEGE,88,CORTE DE BOBINAS,10,01/11/2020,Inativo
119,248,76360 BEGE,132,CORTE DE BOBINAS,15,01/11/2020,Inativo
120,249,8020 AMARELO,44,CORTE DE BOBINAS,5,01/11/2020,Inativo
121,250,8030 AMARELO,77,CORTE DE BOBINAS,8,75,01/11/2020,Inativo
122,251,8040 AMARELO,88,CORTE DE BOBINAS,10,01/11/2020,Inativo
123,252,8080 AMARELO,88,CORTE DE BOBINAS,10,01/11/2020,Inativo
124,253,80110 AMARELO,96,8,CORTE DE BOBINAS,11,01/11/2020,Inativo
125,254,80360 AMARELO,132,CORTE DE BOBINAS,15,01/11/2020,Inativo
126,255,8020 BEGE,44,CORTE DE BOBINAS,5,01/11/2020,Inativo
127,256,8030 BEGE,77,CORTE DE BOBINAS,8,75,01/11/2020,Inativo
128,257,8040 BEGE,88,CORTE DE BOBINAS,10,01/11/2020,Inativo
129,258,8080 BEGE,88,CORTE DE BOBINAS,10,01/11/2020,Inativo
130,259,80360 BEGE,132,CORTE DE BOBINAS,15,01/11/2020,Inativo
131,261,80110 BEGE,96,8,CORTE DE BOBINAS,11,01/11/2020,Inativo
132,264,76110 BEGE,96,8,CORTE DE BOBINAS,11,01/11/2020,Inativo
133,265,8020 BRANCO,44,CORTE DE BOBINAS,5,01/11/2020,Inativo
134,267,8030 BRANCO,77,CORTE DE BOBINAS,8,75,01/11/2020,Inativo
135,268,8040 BRANCO,88,CORTE DE BOBINAS,10,01/11/2020,Inativo
136,269,8080 BRANCO,88,CORTE DE BOBINAS,10,01/11/2020,Inativo
137,270,80110 BRANCO,96,8,CORTE DE BOBINAS,11,01/11/2020,Inativo
138,271,80360 BRANCO,132,CORTE DE BOBINAS,15,01/11/2020,Inativo
139,272,7630 OFFSET,52,8,CORTE DE BOBINAS,6,01/11/2020,Inativo
140,10,CALCULADORA,55,CORTE DE BOBINAS,6,25,01/11/2020,Inativo
141,204,A4 MULTIUSO,132,CORTE DE A4,15,01/11/2020,Inativo
142,137,A4 SULFITE,132,CORTE DE A4,15,01/11/2020,Inativo
143,134,MICROCERRILHADO MEIO,90,64,CORTE DE A4,10,3,01/11/2020,Inativo
144,22,MICROCERRILHADO DANFE,90,64,CORTE DE A4,10,3,01/11/2020,Inativo
145,711,A4 ITABEL,132,CORTE DE A4,15,01/11/2020,Inativo
146,274,A4 TOP,132,CORTE DE A4,15,01/11/2020,Ativo
147,222,A4 BRISA,132,CORTE DE A4,15,01/11/2020,Inativo
148,208,A4 RECICLADO,88,CORTE DE A4,10,01/11/2020,Inativo
149,170,A4 2º LINHA,105,6,CORTE DE A4,12,01/11/2020,Inativo
150,23,A4 REALZINHO,88,CORTE DE A4,10,01/11/2020,Inativo
151,1,Impressão de 01 Cor ,33440,IMPRESSÃO,3800,01/12/2020,Inativo
152,2,Impressão de 02 Cores,16720,IMPRESSÃO,1900,01/12/2020,Inativo
153,3,Impressão de 03 Cores ,7920,IMPRESSÃO,900,01/12/2020,Inativo
154,4,REBOBINAMENTO,37840,IMPRESSÃO,4300,01/01/2021,Inativo
155,226,5716 AMARELO,55,3344,CORTE DE BOBINAS,6,288,15/01/2021,Inativo
156,288,5720 WLE,42,CORTE DE BOBINAS,4,8,01/01/2020,Inativo
157,10,CALCULADORA,70,4,CORTE DE BOBINAS,8,01/01/2021,Inativo
158,293,PAPER+ A4,105,6,CORTE DE A4,12,25/03/2021,Ativo
159,294,A3 SULFITE,88,CORTE DE A4,10,13/04/2021,Ativo
160,226,5716 AMARELO,90,0064,CORTE DE BOBINAS,5,114,01/06/2021,Inativo
161,249,8020 AMARELO,211,2,CORTE DE BOBINAS,12,31/07/2021,Inativo
162,251,8040 AMARELO,325,6,CORTE DE BOBINAS,18,5,31/07/2021,Inativo
163,252,8080 AMARELO,325,6,CORTE DE BOBINAS,18,5,31/07/2021,Inativo
164,250,8030 AMARELO,281,6,CORTE DE BOBINAS,16,31/07/2021,Inativo
165,255,8020 BEGE,211,2,CORTE DE BOBINAS,12,31/07/2021,Inativo
166,256,8030 BEGE,281,6,CORTE DE BOBINAS,16,31/07/2021,Inativo
167,257,8040 BEGE,325,6,CORTE DE BOBINAS,18,5,31/07/2021,Inativo
168,258,8080 BEGE,325,6,CORTE DE BOBINAS,18,5,31/07/2021,Inativo
170,204,A4 MULTIUSO,140,8,CORTE DE A4,16,30/07/2021,Ativo
171,137,A4 SULFITE,140,8,CORTE DE A4,16,30/07/2021,Inativo
172,236, 57300 AMARELO,352,CORTE DE BOBINAS,20,01/10/2021,Inativo
173,237,57360 AMARELO,352,CORTE DE BOBINAS,20,01/10/2021,Inativo
174,309,5722,239,36,CORTE DE BOBINAS,13,6,01/09/2021,Inativo
175,137,A4 SULFITE,120,56,CORTE DE A4,13,7,21/11/2021,Ativo
176,251,8040 AMARELO,281,6,CORTE DE BOBINAS,16,30/11/2021,Inativo
177,252,8080 AMARELO,281,6,CORTE DE BOBINAS,16,30/11/2021,Inativo
178,1480,Impressão de 01 Cor 480,16051,2,IMPRESSÃO,1824,01/01/2022,Ativo
179,2480,Impressão de 02 Cor 480,8025,6,IMPRESSÃO,912,01/01/2022,Ativo
180,3480,Impressão de 03 Cor 480,3792,8,IMPRESSÃO,431,01/01/2022,Ativo
181,1460,Impressão de 01 Cor 460,15373,6,IMPRESSÃO,1747,01/01/2022,Ativo
182,2460,Impressão de 02 Cor 460,7700,IMPRESSÃO,875,01/01/2022,Ativo
183,3460,Impressão de 03 Cor 460,3660,8,IMPRESSÃO,416,01/01/2022,Ativo
184,314,A4 MULTIUSO 5R,281,6,CORTE DE A4,32,07/01/2021,Ativo
185,315,A4 MICRO SERRILHADO DANFE 5R,181,28,CORTE DE A4,20,6,07/01/2021,Ativo
186,316,A4 MICRO SERRILHADO MEIO 5R,181,28,CORTE DE A4,20,6,07/01/2021,Ativo
187,10,CALCULADORA,80,08,CORTE DE BOBINAS,9,1,01/02/2021,Inativo
188,321,A4 SULFITE 5R,281,6,CORTE DE A4,32,15/02/2022,Ativo
189,322,A4 REALZINHO 25R,193,6,CORTE DE A4,22,15/02/2022,Ativo
190,323,A4 PAPER + 5R,211,2,CORTE DE A4,24,15/02/2022,Ativo
191,253,80110 AMARELO,158,4,CORTE DE BOBINAS,18,01/03/2021,Inativo
192,254,80360 AMARELO,158,4,CORTE DE BOBINAS,18,01/03/2021,Inativo
193,1405,PSA - 01 COR,12320,IMPRESSÃO,1400,01/04/2022,Ativo
194,2405,PSA - 02 CORES,6776,IMPRESSÃO,770,01/04/2022,Ativo
195,3405,PSA - 03 CORES,3212,IMPRESSÃO,365,01/04/2022,Ativo
196,224,5710 AMARELO,70,4,CORTE DE BOBINAS,4,25/04/2022,Inativo
197,226,5716 AMARELO,79,2,CORTE DE BOBINAS,4,5,25/04/2022,Inativo
198,227,5720 AMARELO,132,CORTE DE BOBINAS,7,5,25/04/2022,Inativo
199,228,5730 AMARELO,132,CORTE DE BOBINAS,7,5,25/04/2022,Inativo
200,229,5740 AMARELO,135,52,CORTE DE BOBINAS,7,7,25/04/2022,Inativo
201,230,5750 AMARELO,139,04,CORTE DE BOBINAS,7,9,25/04/2022,Inativo
202,231,5780 AMARELO,146,08,CORTE DE BOBINAS,8,3,25/04/2022,Inativo
203,232,57100 AMARELO,147,84,CORTE DE BOBINAS,8,4,25/04/2022,Inativo
204,233,57150 AMARELO,179,52,CORTE DE BOBINAS,10,2,25/04/2022,Inativo
205,234,57200 AMARELO,200,64,CORTE DE BOBINAS,11,4,25/04/2022,Inativo
206,235,57270 AMARELO,209,44,CORTE DE BOBINAS,11,9,25/04/2022,Inativo
207,236, 57300 AMARELO,309,76,CORTE DE BOBINAS,17,6,25/04/2022,Inativo
208,237,57360 AMARELO,309,76,CORTE DE BOBINAS,17,6,25/04/2022,Inativo
209,238,7620 AMARELO,77,44,CORTE DE BOBINAS,4,4,25/04/2022,Inativo
210,239,7630 AMARELO,93,28,CORTE DE BOBINAS,5,3,25/04/2022,Inativo
211,240,7640 AMARELO,158,4,CORTE DE BOBINAS,9,25/04/2022,Inativo
212,241,7680 AMARELO,154,88,CORTE DE BOBINAS,8,8,25/04/2022,Inativo
213,242,76110 AMARELO,170,72,CORTE DE BOBINAS,9,7,25/04/2022,Inativo
214,243,76360 AMARELO,232,32,CORTE DE BOBINAS,13,2,25/04/2022,Inativo
215,288,5720 WLE,73,92,CORTE DE BOBINAS,4,2,25/04/2022,Inativo
217,325,A4 OCEANO,281,6,CORTE DE A4,32,20/04/2022,Ativo
218,226,5716 AMARELO,193,6,CORTE DE BOBINAS,11,30/04/2022,Inativo
219,326,A4 LIDERPEL,281,6,CORTE DE A4,32,01/06/2022,Ativo
220,249,8020 AMARELO,177,76,CORTE DE BOBINAS,10,1,31/05/2022,Inativo
221,250,8030 AMARELO,207,68,CORTE DE BOBINAS,11,8,31/05/2022,Inativo
222,251,8040 AMARELO,237,6,CORTE DE BOBINAS,13,5,31/05/2022,Inativo
223,252,8080 AMARELO,237,6,CORTE DE BOBINAS,13,5,31/05/2022,Inativo
224,253,80110 AMARELO,223,52,CORTE DE BOBINAS,12,7,31/05/2022,Inativo
225,254,80360 AMARELO,223,52,CORTE DE BOBINAS,12,7,31/05/2022,Inativo
226,288,5720 WLE,88,CORTE DE BOBINAS,5,01/06/2022,Inativo
227,327,A4 HPAPER,281,6,CORTE DE A4,32,20/06/2022,Ativo
228,2241,57 mm X 10 m c/ 100 un - L1,70,4,CORTE DE BOBINAS,4,20/06/2022,Ativo
229,2242,57 mm X 10 m c/ 100 un - L2,193,6,CORTE DE BOBINAS,11,20/06/2022,Ativo
230,2261,57 mm X 16 m c/ 96 un - L1,70,4,CORTE DE BOBINAS,4,20/06/2022,Inativo
231,2262,57 mm X 16 m c/ 96 un - L2,193,6,CORTE DE BOBINAS,11,20/06/2022,Ativo
232,2271,57 mm X 20 m c/ 48 un - L1,132,CORTE DE BOBINAS,7,5,20/06/2022,Ativo
233,2272,57 mm X 20 m c/ 48 un - L2,177,76,CORTE DE BOBINAS,10,1,20/06/2022,Ativo
234,2281,57 mm X 30 m c/ 36 un - L1,132,CORTE DE BOBINAS,7,5,20/06/2022,Ativo
235,2282,57 mm X 30 m c/ 36 un - L2,207,68,CORTE DE BOBINAS,11,8,20/06/2022,Ativo
236,2291,57 mm X 40 m c/ 30 un - L1,135,52,CORTE DE BOBINAS,7,7,20/06/2022,Ativo
237,2292,57 mm X 40 m c/ 30 un -  L2,237,6,CORTE DE BOBINAS,13,5,20/06/2022,Ativo
238,2301,57 mm X 50 m c/ 36 un - L1,139,04,CORTE DE BOBINAS,7,9,20/06/2022,Ativo
239,2302,57 mm X 50 m c/ 36 un - L2,237,6,CORTE DE BOBINAS,13,5,20/06/2022,Ativo
240,2311,57 mm X 80 m c/ 24 un - L1,146,08,CORTE DE BOBINAS,8,3,20/06/2022,Ativo
241,2312,57 mm X 80 m c/ 24 un - L2,237,6,CORTE DE BOBINAS,13,5,20/06/2022,Ativo
242,2321,57 mm X 100 m c/ 18 un - L1,147,84,CORTE DE BOBINAS,8,4,20/06/2022,Ativo
243,2322,57 mm X 100 m c/ 18 un - L2,264,CORTE DE BOBINAS,15,20/06/2022,Ativo
244,2331,57 mm X 150 m c/ 12 un - L1,179,52,CORTE DE BOBINAS,10,2,20/06/2022,Ativo
245,2332,57 mm X 150 m c/ 12 un - L2,281,6,CORTE DE BOBINAS,16,20/06/2022,Ativo
246,2341,57 mm X 200 m c/ 07 un - L1,200,64,CORTE DE BOBINAS,11,4,20/06/2022,Ativo
247,2342,57 mm X 200 m c/ 07 un - L2,316,8,CORTE DE BOBINAS,18,20/06/2022,Ativo
248,2351,57 mm X 270 m c/ 06 un - L1,209,44,CORTE DE BOBINAS,11,9,20/06/2022,Ativo
249,2352,57 mm X 270 m c/ 06 un - L2,316,8,CORTE DE BOBINAS,18,20/06/2022,Ativo
250,2361,57 mm X 300 m c/ 06 un - L1,309,76,CORTE DE BOBINAS,17,6,20/06/2022,Ativo
251,2362,57 mm X 300 m c/ 06 un - L2,352,CORTE DE BOBINAS,20,20/06/2022,Ativo
252,2371,57 mm X 360 m c/ 06 un - L1,309,76,CORTE DE BOBINAS,17,6,20/06/2022,Ativo
253,2372,57 mm X 360 m c/ 06 un - L2,352,CORTE DE BOBINAS,20,20/06/2022,Ativo
254,2381,76 mm X 20 m c/ 56 un - L1,132,CORTE DE BOBINAS,7,5,20/06/2022,Ativo
255,2382,76 mm X 20 m c/ 56 un - L2,177,76,CORTE DE BOBINAS,10,1,20/06/2022,Ativo
256,2391,76 mm X 30 m c/ 30 un - L1,93,28,CORTE DE BOBINAS,5,3,20/06/2022,Ativo
257,2392,76 mm X 30 m c/ 30 un - L2,207,68,CORTE DE BOBINAS,11,8,20/06/2022,Ativo
258,2401,76 mm X 40 m c/ 30 un - L1,158,4,CORTE DE BOBINAS,9,20/06/2022,Ativo
259,2402,76 mm X 40 m c/ 30 un - L2,237,6,CORTE DE BOBINAS,13,5,20/06/2022,Ativo
260,2411,76 mm X 80 m c/ 24 un - L1,146,08,CORTE DE BOBINAS,8,3,20/06/2022,Ativo
261,2412,76 mm X 80 m c/ 24 un - L2,237,6,CORTE DE BOBINAS,13,5,20/06/2022,Ativo
262,2421,76 mm X 110 m c/ 12 un - L1,158,4,CORTE DE BOBINAS,9,20/06/2022,Ativo
263,2422,76 mm X 110 m c/ 12 un - L2,264,CORTE DE BOBINAS,15,20/06/2022,Ativo
264,2431,76 mm X 360 m c/ 04 un - L1,281,6,CORTE DE BOBINAS,16,20/06/2022,Ativo
265,2432,76 mm X 360 m c/ 04 un - L2,352,CORTE DE BOBINAS,20,20/06/2022,Ativo
266,2491,80 mm X 20 m c/ 56 un - L1,132,CORTE DE BOBINAS,7,5,20/06/2022,Ativo
267,2492,80 mm X 20 m c/ 56 un - L2,177,76,CORTE DE BOBINAS,10,1,20/06/2022,Ativo
268,2501,80 mm X 30 m c/ 30 un - L1,140,8,CORTE DE BOBINAS,8,20/06/2022,Ativo
269,2502,80 mm X 30 m c/ 30 un - L2,207,68,CORTE DE BOBINAS,11,8,20/06/2022,Ativo
270,2511,80 mm X 40 m c/ 30 un - L1,149,6,CORTE DE BOBINAS,8,5,20/06/2022,Ativo
271,2512,80 mm X 40 m c/ 30 un - L2,237,6,CORTE DE BOBINAS,13,5,20/06/2022,Ativo
272,2521,80 mm X 80 m c/ 24 un - L1,160,16,CORTE DE BOBINAS,9,1,20/06/2022,Ativo
273,2522,80 mm X 80 m c/ 24 un - L2,237,6,CORTE DE BOBINAS,13,5,20/06/2022,Ativo
274,2531,80 mm X 110 m c/ 12 un - L1,158,4,CORTE DE BOBINAS,9,20/06/2022,Ativo
275,2532,80 mm X 110 m c/ 12 un - L2,264,CORTE DE BOBINAS,15,20/06/2022,Ativo
276,2541,80 mm X 360 m c/ 04 un - L1,281,6,CORTE DE BOBINAS,16,20/06/2022,Ativo
277,2542,80 mm X 360 m c/ 04 un - L2,352,CORTE DE BOBINAS,20,20/06/2022,Ativo
278,2881,57 mm X 20 m c/ 84un -  L1,73,92,CORTE DE BOBINAS,4,2,20/06/2022,Ativo
279,2882,57 mm X 20 m c/ 84un - L2,167,2,CORTE DE BOBINAS,9,5,20/06/2022,Ativo
280,101,57 mm X 30 m OFFSET - L1,160,16,CORTE DE BOBINAS,9,1,20/06/2022,Ativo
281,102,57 mm X 30 m OFFSET - L2,160,16,CORTE DE BOBINAS,9,1,20/06/2022,Ativo
282,31,A4 MULTIUSO 5R - L1,540,32,CORTE DE A4,30,7,31/08/2022,Ativo
283,32,A4 MULTIUSO 5R - L2,239,36,CORTE DE A4,13,6,31/08/2022,Ativo
284,41,A4 SULFITE 5R - L1,540,32,CORTE DE A4,30,7,31/08/2022,Ativo
285,42,A4 SULFITE 5R - L2,239,36,CORTE DE A4,13,6,31/08/2022,Ativo
286,51,A3 SULFITE 5R - L1,140,8,CORTE DE A4,8,31/08/2022,Ativo
287,52,A3 SULFITE 5R - L2,70,4,CORTE DE A4,4,31/08/2022,Ativo
288,61,A4 MICRO SERRILHADO 5R - L1,352,CORTE DE A4,20,31/08/2022,Ativo
289,62,A4 MICRO SERRILHADO 5R - L2,119,68,CORTE DE A4,6,8,31/08/2022,Ativo
290,71,A4 REALZINHO 25R - L1,352,CORTE DE A4,20,31/08/2022,Ativo
291,72,A4 REALZINHO 25R - L2,140,8,CORTE DE A4,8,31/08/2022,Ativo
292,81,A4 PAPER + 5R - L1,352,CORTE DE A4,20,31/08/2022,Ativo
293,82,A4 PAPER + 5R - L2,140,8,CORTE DE A4,8,31/08/2022,Ativo
294,691,A4 TOP 5R - L1,270,16,CORTE DE A4,15,35,31/08/2022,Ativo
295,692,A4 TOP 5R - L2,119,68,CORTE DE A4,6,8,31/08/2022,Ativo
296,701,A4 OCEANO 5R - L1,540,32,CORTE DE A4,30,7,31/08/2022,Ativo
297,702,A4 OCEANO 5R - L2,239,36,CORTE DE A4,13,6,31/08/2022,Ativo
298,1291,A4 SULFITE 10R - L1,270,16,CORTE DE A4,15,35,31/08/2022,Ativo
299,1292,A4 SULFITE 10R - L2,119,68,CORTE DE A4,6,8,31/08/2022,Ativo
300,1311,A4 LIDERPEL 5R - L1,540,32,CORTE DE A4,30,7,31/08/2022,Ativo
301,1312,A4 LIDERPEL 5R - L2,239,36,CORTE DE A4,13,6,31/08/2022,Ativo
302,1321,A4 HPAPERL 5R - L1,540,32,CORTE DE A4,30,7,31/08/2022,Ativo
303,1322,A4 HPAPERL 5R - L2,239,36,CORTE DE A4,13,6,31/08/2022,Ativo
304,2261,57 mm X 16 m c/ 96 un - L1,109,12,CORTE DE BOBINAS,6,2,06/12/2022,Ativo
305,2361,57 mm X 300 m c/ 06 un - L1,464,64,CORTE DE BOBINAS,26,4,15/12/2022,Ativo
306,21,57 mm X 30 m OFFSET - L1,160,16,CORTE DE BOBINAS,9,1,01/01/2023,Ativo
307,22,57 mm X 30 m OFFSET - L2,160,16,CORTE DE BOBINAS,9,1,01/01/2023,Ativo
308,91,57 mm X 16 m c/ 70 un - L1,96,8,CORTE DE BOBINAS,5,5,01/01/2023,Inativo
309,92,57 mm X 16 m c/ 70 un - L2,265,76,CORTE DE BOBINAS,15,1,01/01/2023,Inativo
310,111,57 mm X 22 m c/ 48 un - L1,132,CORTE DE BOBINAS,7,5,01/01/2023,Ativo
311,112,57 mm X 22 m c/ 48 un - L2,177,76,CORTE DE BOBINAS,10,1,01/01/2023,Ativo
312,131,57 mm X 30 m c/ 40 un - L1,117,92,CORTE DE BOBINAS,6,7,01/01/2023,Ativo
313,132,57 mm X 30 m c/ 40 un - L2,186,56,CORTE DE BOBINAS,10,6,01/01/2023,Ativo
314,151,57 mm X 40 m c/ 30 un - L1,135,52,CORTE DE BOBINAS,7,7,01/01/2023,Ativo
315,152,57 mm X 40 m c/ 30 un -  L2,237,6,CORTE DE BOBINAS,13,5,01/01/2023,Ativo
316,171,57 mm X 50 m c/ 24 un - L1,209,44,CORTE DE BOBINAS,11,9,01/01/2023,Ativo
317,172,57 mm X 50 m c/ 24 un - L2,357,28,CORTE DE BOBINAS,20,3,01/01/2023,Ativo
318,191,57 mm X 80 m c/ 16 un - L1,218,24,CORTE DE BOBINAS,12,4,01/01/2023,Ativo
319,192,57 mm X 80 m c/ 16 un - L2,357,28,CORTE DE BOBINAS,20,3,01/01/2023,Ativo
320,211,57 mm X 100 m c/ 20 un - L1,132,CORTE DE BOBINAS,7,5,01/01/2023,Ativo
321,212,57 mm X 100 m c/ 20 un - L2,237,6,CORTE DE BOBINAS,13,5,01/01/2023,Ativo
322,231,57 mm X 150 m c/ 14 un - L1,154,88,CORTE DE BOBINAS,8,8,01/01/2023,Ativo
323,232,57 mm X 150 m c/ 14 un - L2,241,12,CORTE DE BOBINAS,13,7,01/01/2023,Ativo
324,251,57 mm X 200 m c/ 06 un - L1,235,84,CORTE DE BOBINAS,13,4,01/01/2023,Ativo
325,252,57 mm X 200 m c/ 06 un - L2,369,6,CORTE DE BOBINAS,21,01/01/2023,Ativo
326,271,57 mm X 270 m c/ 04 un - L1,313,28,CORTE DE BOBINAS,17,8,01/01/2023,Ativo
327,272,57 mm X 270 m c/ 04 un - L2,475,2,CORTE DE BOBINAS,27,01/01/2023,Ativo
328,291,57 mm X 300 m c/ 04 un - L1,464,64,CORTE DE BOBINAS,26,4,01/01/2023,Ativo
329,292,57 mm X 300 m c/ 04 un - L2,528,CORTE DE BOBINAS,30,01/01/2023,Ativo
330,311,57 mm X 360 m c/ 06 un - L1,309,76,CORTE DE BOBINAS,17,6,01/01/2023,Ativo
331,312,57 mm X 360 m c/ 06 un - L2,352,CORTE DE BOBINAS,20,01/01/2023,Ativo
332,331,76 mm X 20 m c/ 56 un - L1,132,CORTE DE BOBINAS,7,5,01/01/2023,Ativo
333,332,76 mm X 20 m c/ 56 un - L2,177,76,CORTE DE BOBINAS,10,1,01/01/2023,Ativo
334,351,76 mm X 30 m c/ 40 un - L1,70,4,CORTE DE BOBINAS,4,01/01/2023,Ativo
335,352,76 mm X 30 m c/ 40 un - L2,156,64,CORTE DE BOBINAS,8,9,01/01/2023,Ativo
336,441,76 mm X 40 m c/ 30 un - L1,158,4,CORTE DE BOBINAS,9,01/01/2023,Ativo
337,442,76 mm X 40 m c/ 30 un - L2,237,6,CORTE DE BOBINAS,13,5,01/01/2023,Ativo
338,461,76 mm X 80 m c/ 16 un - L1,220,CORTE DE BOBINAS,12,5,01/01/2023,Ativo
339,462,76 mm X 80 m c/ 16 un - L2,357,28,CORTE DE BOBINAS,20,3,01/01/2023,Ativo
340,481,76 mm X 110 m c/ 12 un - L1,158,4,CORTE DE BOBINAS,9,01/01/2023,Ativo
341,482,76 mm X 110 m c/ 12 un - L2,264,CORTE DE BOBINAS,15,01/01/2023,Ativo
342,501,76 mm X 360 m c/ 04 un - L1,281,6,CORTE DE BOBINAS,16,01/01/2023,Ativo
343,502,76 mm X 360 m c/ 04 un - L2,352,CORTE DE BOBINAS,20,01/01/2023,Ativo
344,521,80 mm X 20 m c/ 56 un - L1,132,CORTE DE BOBINAS,7,5,01/01/2023,Ativo
345,522,80 mm X 20 m c/ 56 un - L2,177,76,CORTE DE BOBINAS,10,1,01/01/2023,Ativo
346,541,80 mm X 30 m c/ 40 un - L1,105,6,CORTE DE BOBINAS,6,01/01/2023,Ativo
347,542,80 mm X 30 m c/ 40 un - L2,156,64,CORTE DE BOBINAS,8,9,01/01/2023,Ativo
348,561,80 mm X 40 m c/ 30 un - L1,149,6,CORTE DE BOBINAS,8,5,01/01/2023,Inativo
349,562,80 mm X 40 m c/ 30 un - L2,237,6,CORTE DE BOBINAS,13,5,01/01/2023,Inativo
350,581,80 mm X 80 m c/ 16 un - L1,160,16,CORTE DE BOBINAS,9,1,01/01/2023,Ativo
351,582,80 mm X 80 m c/ 16 un - L2,237,6,CORTE DE BOBINAS,13,5,01/01/2023,Ativo
352,601,80 mm X 110 m c/ 12 un - L1,158,4,CORTE DE BOBINAS,9,01/01/2023,Ativo
353,602,80 mm X 110 m c/ 12 un - L2,264,CORTE DE BOBINAS,15,01/01/2023,Ativo
354,621,80 mm X 360 m c/ 04 un - L1,281,6,CORTE DE BOBINAS,16,01/01/2023,Ativo
355,622,80 mm X 360 m c/ 04 un - L2,352,CORTE DE BOBINAS,20,01/01/2023,Ativo
356,641,57 mm X 10 m c/ 100 un - L1,73,92,CORTE DE BOBINAS,4,2,01/01/2023,Ativo
357,642,57 mm X 10 m c/ 100 un - L2,167,2,CORTE DE BOBINAS,9,5,01/01/2023,Ativo
358,13,A4 MULTIUSO 5R,125,004,CORTE DE A4,14,205,01/03/2023,Ativo
359,14,A4 SULFITE 5R,125,004,CORTE DE A4,14,205,01/03/2023,Ativo
360,15,A3 SULFITE 5R,70,4,CORTE DE A4,8,01/03/2023,Ativo
361,16,A4 MICRO SERRILHADO 5R,70,4,CORTE DE A4,8,01/03/2023,Ativo
362,17,A4 REALZINHO 25R,100,056,CORTE DE A4,11,37,01/03/2023,Ativo
363,18,A4 PAPER + 5R,125,004,CORTE DE A4,14,205,01/03/2023,Ativo
364,170,A4 OCEANO 5R,125,004,CORTE DE A4,14,205,01/03/2023,Ativo
365,1132,A4 HPAPERL 5R,125,004,CORTE DE A4,14,205,01/03/2023,Ativo
366,23,A4 MULTIUSO 5R,275,CORTE DE A4,31,25,01/03/2023,Ativo
367,24,A4 SULFITE 5R,275,CORTE DE A4,31,25,01/03/2023,Ativo
368,25,A3 SULFITE 5R,140,8,CORTE DE A4,16,01/03/2023,Ativo
369,26,A4 MICRO SERRILHADO 5R,154,792,CORTE DE A4,17,59,01/03/2023,Ativo
370,27,A4 REALZINHO 25R,200,112,CORTE DE A4,22,74,01/03/2023,Ativo
371,28,A4 PAPER + 5R,275,CORTE DE A4,31,25,01/03/2023,Ativo
372,270,A4 OCEANO 5R,275,CORTE DE A4,31,25,01/03/2023,Ativo
373,2132,A4 HPAPERL 5R,275,CORTE DE A4,31,25,01/03/2023,Ativo
374,33,A4 MULTIUSO 5R,400,004,CORTE DE A4,45,455,01/03/2023,Ativo
375,34,A4 SULFITE 5R,400,004,CORTE DE A4,45,455,01/03/2023,Ativo
376,35,A3 SULFITE 5R,211,2,CORTE DE A4,24,01/03/2023,Ativo
377,36,A4 MICRO SERRILHADO 5R,225,192,CORTE DE A4,25,59,01/03/2023,Ativo
378,37,A4 REALZINHO 25R,300,168,CORTE DE A4,34,11,01/03/2023,Ativo
379,38,A4 PAPER + 5R,400,004,CORTE DE A4,45,455,01/03/2023,Ativo
380,370,A4 OCEANO 5R,400,004,CORTE DE A4,45,455,01/03/2023,Ativo
381,3132,A4 HPAPERL 5R,400,004,CORTE DE A4,45,455,01/03/2023,Ativo
382,1179,REFUGO EM CX,275,CORTE DE A4,31,25,01/06/2023,Ativo
383,91,57 mm X 16 m c/ 70 un - L1,129,888,CORTE DE BOBINAS,7,38,14/08/2023,Ativo
384,92,57 mm X 16 m c/ 70 un - L2,199,936,CORTE DE BOBINAS,11,36,14/08/2023,Ativo
385,561,80 mm X 40 m c/ 30 un - L1,179,872,CORTE DE BOBINAS,10,22,14/08/2023,Ativo
386,562,80 mm X 40 m c/ 30 un - L2,220,CORTE DE BOBINAS,12,5,14/08/2023,Ativo
